{"text": " hello hello mic test mic test one two three", "segments": [{"id": 0, "seek": 0, "start": 0.0, "end": 5.84, "text": " hello hello mic test mic test one two three", "tokens": [50364, 7751, 7751, 3123, 1500, 3123, 1500, 472, 732, 1045, 50656], "temperature": 0.0, "avg_logprob": -0.46094560623168945, "compression_ratio": 1.1025641025641026, "no_speech_prob": 0.20608144998550415}], "language": "en"}