{"text": " Hello, hello, mic test, mic test, one, two, three.", "segments": [{"id": 0, "seek": 0, "start": 0.0, "end": 3.92, "text": " Hello, hello, mic test, mic test, one, two, three.", "tokens": [50364, 2425, 11, 7751, 11, 3123, 1500, 11, 3123, 1500, 11, 472, 11, 732, 11, 1045, 13, 50560], "temperature": 0.0, "avg_logprob": -0.4907389691001491, "compression_ratio": 1.1904761904761905, "no_speech_prob": 0.11433882266283035}], "language": "en"}